<?xml version="1.0" encoding="UTF-8"?>
<metadata xml:lang="en"><Esri><SyncDate>20041220</SyncDate><SyncTime>15154600</SyncTime><ModDate>20041220</ModDate><ModTime>15154600</ModTime></Esri><idinfo><citation><citeinfo><origin>James D. Giglierano and Madhukar Mohan</origin><pubdate>11/16/90</pubdate><pubinfo><pubplace>None</pubplace><publish>Iowa Department of Natural Resources</publish></pubinfo><title>Township Boundaries of Iowa</title><ftname Sync="TRUE">township</ftname><geoform Sync="TRUE">vector digital data</geoform><onlink>ftp://ftp.igsb.uiowa.edu/gis_library/IA_State/Geographic/township.zip</onlink><edition>11/12/2004</edition></citeinfo><datacred>James D. Giglierano and Madhukar Mohan</datacred><native>PC ARC/INFO 3.4D</native></citation><descript><abstract>This coverage contains polygons representing the PLSS township boundaries of the state of Iowa.  TOWNSHIP was developed from a set of 99 individual county coverages of PLSS section lines.  The county section coverages were appended together and section lines  within a township were removed. The PLSS coverages were digitized from paper copies of 7.5' topo quad maps.  River boundaries were also digitized from 7.5' maps.

</abstract><purpose>This digital, geographically referenced data set was developed by the Iowa Department of Natural Resources to carry out agency responsibilities related to management, protection, and development of Iowa's natural resources.</purpose><supplinf>None</supplinf><langdata Sync="TRUE">en</langdata></descript><timeperd><current>publication date</current><timeinfo><sngdate><caldate>2004</caldate></sngdate></timeinfo></timeperd><status><progress>Complete</progress><update>None planned</update></status><keywords><theme><themekt>None</themekt><themekey>Townships</themekey><themekey>Public Land Survey</themekey></theme><place><placekey>Iowa</placekey></place></keywords><accconst>None</accconst><useconst>None</useconst><ptcontac><cntinfo><cntperp><cntper>James D. Giglierano</cntper><cntorg>Iowa Department of Natural Resources</cntorg></cntperp><cntaddr><address>109 Trowbridge Hall</address><city>Iowa City</city><state>IA</state><postal>52242-1319</postal></cntaddr></cntinfo></ptcontac><native Sync="TRUE">Microsoft Windows 2000 Version 5.0 (Build 2195) Service Pack 4; ESRI ArcCatalog 9.0.0.535</native><natvform Sync="TRUE">Shapefile</natvform><spdom><lboundng><leftbc Sync="TRUE">202073.808723</leftbc><rightbc Sync="TRUE">736849.210393</rightbc><bottombc Sync="TRUE">4470598.397186</bottombc><topbc Sync="TRUE">4822673.786539</topbc></lboundng><bounding><westbc Sync="TRUE">-96.684901</westbc><eastbc Sync="TRUE">-90.069432</eastbc><northbc Sync="TRUE">43.557018</northbc><southbc Sync="TRUE">40.332776</southbc></bounding></spdom></idinfo><dataqual><posacc><horizpa><horizpar>Based on NMAS accuracy standards for USGS 1:24,000 scale maps, digitizer resolution, ARC/INFO fuzzy tolerances, and estimated operator error, the positional accuracy of this coverage is  estimated to be around 22 meters.  Positional error was estimated using a root-sum-squared error calculation.

</horizpar></horizpa></posacc><lineage><srcinfo>None<srcscale>24,000</srcscale><typesrc>Paper copies of topographic quadrangle maps</typesrc><srccite><citeinfo><title>None</title></citeinfo></srccite></srcinfo><procstep>original conversion<procdesc>Original map coordinate units were reprojected using in-house digitizing software to UTM units.</procdesc></procstep></lineage></dataqual><eainfo><overview><eaover>AREA: Area of polygon in meters  

PERIMETER: Length of polygon in meters  

TOWNSHIP_: Internal polygon identifier  

TOWNSHIP_ID: Sequential polygon identifier assigned by user  

TOWNSHIP: PLSS township number and direction (character)  

RANGE: PLSS range number and direction (character)  

CO_NUMBER: County number (1-99)  

CO_NAME: County name  

CO_FIPS: County FIPS code (1-197)

TWPRGESEC: PLSS township/range composite number and direction (character).  This field can be used to hotlink to Geosam.</eaover></overview><detailed Name="township"><enttyp><enttypl Sync="TRUE">township</enttypl><enttypt Sync="TRUE">Feature Class</enttypt><enttypc Sync="TRUE">1672</enttypc></enttyp><attr><attrlabl Sync="TRUE">FID</attrlabl><attalias Sync="TRUE">FID</attalias><attrtype Sync="TRUE">OID</attrtype><attwidth Sync="TRUE">4</attwidth><atprecis Sync="TRUE">0</atprecis><attscale Sync="TRUE">0</attscale><attrdef Sync="TRUE">Internal feature number.</attrdef><attrdefs Sync="TRUE">ESRI</attrdefs><attrdomv><udom Sync="TRUE">Sequential unique whole numbers that are automatically generated.</udom></attrdomv></attr><attr><attrlabl Sync="TRUE">Shape</attrlabl><attalias Sync="TRUE">Shape</attalias><attrtype Sync="TRUE">Geometry</attrtype><attwidth Sync="TRUE">0</attwidth><atprecis Sync="TRUE">0</atprecis><attscale Sync="TRUE">0</attscale><attrdef Sync="TRUE">Feature geometry.</attrdef><attrdefs Sync="TRUE">ESRI</attrdefs><attrdomv><udom Sync="TRUE">Coordinates defining the features.</udom></attrdomv></attr><attr><attrlabl Sync="TRUE">AREA</attrlabl><attalias Sync="TRUE">AREA</attalias><attrtype Sync="TRUE">Number</attrtype><attwidth Sync="TRUE">19</attwidth><atnumdec Sync="TRUE">6</atnumdec></attr><attr><attrlabl Sync="TRUE">PERIMETER</attrlabl><attalias Sync="TRUE">PERIMETER</attalias><attrtype Sync="TRUE">Number</attrtype><attwidth Sync="TRUE">19</attwidth><atnumdec Sync="TRUE">6</atnumdec></attr><attr><attrlabl Sync="TRUE">TOWNSHIP</attrlabl><attalias Sync="TRUE">TOWNSHIP</attalias><attrtype Sync="TRUE">String</attrtype><attwidth Sync="TRUE">5</attwidth></attr><attr><attrlabl Sync="TRUE">RANGE</attrlabl><attalias Sync="TRUE">RANGE</attalias><attrtype Sync="TRUE">String</attrtype><attwidth Sync="TRUE">4</attwidth></attr><attr><attrlabl Sync="TRUE">CO_NUMBER</attrlabl><attalias Sync="TRUE">CO_NUMBER</attalias><attrtype Sync="TRUE">Number</attrtype><attwidth Sync="TRUE">11</attwidth></attr><attr><attrlabl Sync="TRUE">CO_NAME</attrlabl><attalias Sync="TRUE">CO_NAME</attalias><attrtype Sync="TRUE">String</attrtype><attwidth Sync="TRUE">14</attwidth></attr><attr><attrlabl Sync="TRUE">CO_FIPS</attrlabl><attalias Sync="TRUE">CO_FIPS</attalias><attrtype Sync="TRUE">Number</attrtype><attwidth Sync="TRUE">4</attwidth></attr><attr><attrlabl Sync="TRUE">TWPRGESEC</attrlabl><attalias Sync="TRUE">TWPRGESEC</attalias><attrtype Sync="TRUE">String</attrtype><attwidth Sync="TRUE">20</attwidth></attr></detailed></eainfo><distinfo><distrib>Iowa Department of Natural Resources<cntinfo><cntorgp><cntorg>Iowa Geological Survey - IDNR</cntorg><cntper>Casey J Kohrt</cntper></cntorgp><cntaddr><addrtype>mailing and physical address</addrtype><address>109 Trowbridge Hall</address><city>Iowa City</city><state>IA</state><postal>52242</postal></cntaddr><cntvoice>319-335-1353</cntvoice><cntemail>gis_library@igsb.uiowa.edu</cntemail></cntinfo></distrib><resdesc>Townships</resdesc><distliab>This digital, geographically referenced data set was developed by the Iowa Department of Natural Resources to carry out agency responsibilities related to management, protection, and development of Iowa's natural resources.  It resides in the Natural Resources Geographic Information System library. Although efforts have been made to make it useful to the Department, the Department assumes no responsibility for errors in the information.  Similarly the Department assumes no responsibility for the consequences of inappropriate uses or interpretations of the data made by anyone to whom this data has been made available.  The Department bears no responsibility to inform users of any changes made to this data.  Anyone using this data is advised that precision implied by the coverage may far exceed actual precision.  Comments on this data are invited and the Department would appreciate that documented errors be brought to staff attention.  The development of the coverages in the NRGIS Library represents a major investment of staff time and effort.  As a professional responsibility, we expect that the Iowa DNR will receive proper credit when you utilize these GIS coverages and that the original documentation will remain with any redistribution of these coverages.</distliab><stdorder><digform><digtinfo>Shapefile<formverd>11/29/99</formverd><transize Sync="TRUE">1.267</transize><dssize Sync="TRUE">1.267</dssize></digtinfo><digtopt><onlinopt><computer><networka><networkr>ftp://ftp.igsb.uiowa.edu/gis_library/IA_state/Geographic/Township.zip</networkr></networka></computer></onlinopt></digtopt></digform></stdorder></distinfo><metainfo><metc><cntinfo><cntorgp><cntper>Casey Kohrt</cntper><cntorg>Iowa Department of Natural Resources - Geological Survey</cntorg></cntorgp><cntaddr><address>109 Trowbridge Hall</address><city>Iowa City</city><state>IA</state><postal>52242-1319</postal><addrtype>Mailing and Physical</addrtype></cntaddr><cntvoice>319-335-1353</cntvoice><cntemail>gis_library@igsb.uiowa.edu</cntemail></cntinfo></metc><metac>None</metac><metuc>None</metuc><langmeta Sync="TRUE">en</langmeta><metstdn Sync="TRUE">FGDC Content Standards for Digital Geospatial Metadata</metstdn><metstdv Sync="TRUE">FGDC-STD-001-1998</metstdv><mettc Sync="TRUE">local time</mettc><metd Sync="TRUE">20041220</metd><metextns><onlink Sync="TRUE">http://www.esri.com/metadata/esriprof80.html</onlink><metprof Sync="TRUE">ESRI Metadata Profile</metprof></metextns></metainfo><citeinfo><origin>James D. Giglierano and Madhukar Mohan</origin><pubdate>Complete</pubdate><title>Townships</title><geoform>Shapefile</geoform><pubinfo><pubplace>None</pubplace><publish>Iowa Department of Natural Resources</publish></pubinfo><othercit>None</othercit></citeinfo><timeinfo><sngdate><caldate>11/29/99</caldate></sngdate></timeinfo><cntinfo><cntperp><cntper>Casey Kohrt</cntper><cntorg>Iowa Department of Natural Resources - Geological Survey</cntorg></cntperp><cntaddr><addrtype>Mailing and Physical</addrtype><address>109 Trowbridge Hall</address><city>Iowa City</city><state>IA</state><postal>52242-1319</postal></cntaddr><cntvoice>319-335-1353</cntvoice><cntemail>gis_library@igsb.uiowa.edu</cntemail></cntinfo><dataIdInfo><envirDesc Sync="TRUE">Microsoft Windows 2000 Version 5.0 (Build 2195) Service Pack 4; ESRI ArcCatalog 9.0.0.535</envirDesc><dataLang><languageCode Sync="TRUE" value="en"></languageCode></dataLang><idCitation><resTitle Sync="TRUE">township</resTitle><presForm><PresFormCd Sync="TRUE" value="005"></PresFormCd></presForm></idCitation><spatRpType><SpatRepTypCd Sync="TRUE" value="001"></SpatRepTypCd></spatRpType><dataExt><geoEle><GeoBndBox esriExtentType="native"><westBL Sync="TRUE">202073.808723</westBL><eastBL Sync="TRUE">736849.210393</eastBL><northBL Sync="TRUE">4822673.786539</northBL><southBL Sync="TRUE">4470598.397186</southBL><exTypeCode Sync="TRUE">1</exTypeCode></GeoBndBox></geoEle></dataExt><geoBox esriExtentType="decdegrees"><westBL Sync="TRUE">-96.684901</westBL><eastBL Sync="TRUE">-90.069432</eastBL><northBL Sync="TRUE">43.557018</northBL><southBL Sync="TRUE">40.332776</southBL><exTypeCode Sync="TRUE">1</exTypeCode></geoBox></dataIdInfo><mdLang><languageCode Sync="TRUE" value="en"></languageCode></mdLang><mdStanName Sync="TRUE">ISO 19115 Geographic Information - Metadata</mdStanName><mdStanVer Sync="TRUE">DIS_ESRI1.0</mdStanVer><mdChar><CharSetCd Sync="TRUE" value="004"></CharSetCd></mdChar><mdHrLv><ScopeCd Sync="TRUE" value="005"></ScopeCd></mdHrLv><mdHrLvName Sync="TRUE">dataset</mdHrLvName><distInfo><distributor><distorTran><onLineSrc><orDesc Sync="TRUE">002</orDesc><linkage Sync="TRUE">file://\\Idnrgsb9\NEW_LIB\data_nad83\ia_state\geographic\township.shp</linkage><protocol Sync="TRUE">Local Area Network</protocol></onLineSrc><transSize Sync="TRUE">1.267</transSize></distorTran><distorFormat><formatName Sync="TRUE">Shapefile</formatName></distorFormat></distributor></distInfo><spdoinfo><direct Sync="TRUE">Vector</direct><ptvctinf><esriterm Name="township"><efeatyp Sync="TRUE">Simple</efeatyp><efeageom Sync="TRUE">Polygon</efeageom><esritopo Sync="TRUE">FALSE</esritopo><efeacnt Sync="TRUE">1672</efeacnt><spindex Sync="TRUE">FALSE</spindex><linrefer Sync="TRUE">FALSE</linrefer></esriterm><sdtsterm Name="township"><sdtstype Sync="TRUE">G-polygon</sdtstype><ptvctcnt Sync="TRUE">1672</ptvctcnt></sdtsterm></ptvctinf></spdoinfo><spref><horizsys><cordsysn><geogcsn Sync="TRUE">GCS_North_American_1983</geogcsn><projcsn Sync="TRUE">NAD_1983_UTM_Zone_15N</projcsn></cordsysn><planar><planci><plance Sync="TRUE">coordinate pair</plance><plandu Sync="TRUE">meters</plandu><coordrep><absres Sync="TRUE">0.001024</absres><ordres Sync="TRUE">0.001024</ordres></coordrep></planci><gridsys><gridsysn Sync="TRUE">Universal Transverse Mercator</gridsysn><utm><utmzone Sync="TRUE">15</utmzone><transmer><sfctrmer Sync="TRUE">0.999600</sfctrmer><longcm Sync="TRUE">-93.000000</longcm><latprjo Sync="TRUE">0.000000</latprjo><feast Sync="TRUE">500000.000000</feast><fnorth Sync="TRUE">0.000000</fnorth></transmer></utm></gridsys></planar><geodetic><horizdn Sync="TRUE">North American Datum of 1983</horizdn><ellips Sync="TRUE">Geodetic Reference System 80</ellips><semiaxis Sync="TRUE">6378137.000000</semiaxis><denflat Sync="TRUE">298.257222</denflat></geodetic></horizsys></spref><refSysInfo><RefSystem><refSysID><identCode Sync="TRUE">NAD_1983_UTM_Zone_15N</identCode></refSysID></RefSystem></refSysInfo><spatRepInfo><VectSpatRep><topLvl><TopoLevCd Sync="TRUE" value="001"></TopoLevCd></topLvl><geometObjs Name="township"><geoObjTyp><GeoObjTypCd Sync="TRUE" value="001"></GeoObjTypCd></geoObjTyp><geoObjCnt Sync="TRUE">1672</geoObjCnt></geometObjs></VectSpatRep></spatRepInfo><mdDateSt Sync="TRUE">20041220</mdDateSt></metadata>
