<?xml version="1.0" encoding="UTF-8"?>
<metadata xml:lang="en"><Esri><MetaID>{1007AEF6-FE83-4CD9-9A9B-79064B1AD061}</MetaID><CreaDate>20030711</CreaDate><CreaTime>11272200</CreaTime><SyncOnce>FALSE</SyncOnce><SyncDate>20030711</SyncDate><SyncTime>13380100</SyncTime><ModDate>20030711</ModDate><ModTime>13380100</ModTime></Esri><idinfo><citation><citeinfo><origin>James D. Giglierano</origin><pubdate>02/19/93</pubdate><pubinfo><pubplace>None</pubplace><publish>Iowa Department of Natural Resources</publish></pubinfo><title Sync="TRUE">populated_places</title><ftname Sync="TRUE">populated_places</ftname><geoform Sync="TRUE">vector digital data</geoform><onlink Sync="TRUE">\\Idnrgsb9\NEW_LIB\Data_NAD83\IA_State\Cultural_Demographic\populated_places.shp</onlink></citeinfo><datacred>James D. Giglierano</datacred><native>PC ARC/INFO 3.4D Plus</native></citation><descript><abstract>This coverage contains points that represent populated places,   ie. cities, towns, villages or any other named place where people live.  The coverage was developed from the USGS Geographic Names Information System (GNIS) database for Iowa.  There were many errors in the original GNIS data, including missing points or mislocated points.  The GNIS points were compared to two reference sources: USGS 100k scale county maps and Iowa DOT county highway maps.  Mislocated and missing point were fixed and  each town was designated as having been verified from one or the other reference sources or both.  Some GNIS points were not verified from either source and are so designated (use these with caution).

</abstract><purpose>This digital, geographically referenced data set was developed by the Iowa Department of Natural Resources to carry out acency responsibilities related to management, protection, and development of Iowa's natural resources.</purpose><langdata Sync="TRUE">en</langdata></descript><timeperd><current>Publication Date</current><timeinfo><sngdate><caldate>01/08/97</caldate></sngdate></timeinfo></timeperd><status><progress>Complete</progress><update>None</update></status><keywords><theme><themekt>None</themekt><themekey>None</themekey></theme></keywords><accconst>None</accconst><useconst>None</useconst><ptcontac><cntinfo><cntperp><cntper>James D. Giglierano</cntper><cntorg>Iowa Department of Natural Resources</cntorg></cntperp><cntaddr><address>109 Trowbridge Hall</address><city>Iowa City</city><state>IA</state><postal>52242-1319</postal></cntaddr></cntinfo></ptcontac><native Sync="TRUE">Microsoft Windows 2000 Version 5.0 (Build 2195) Service Pack 3; ESRI ArcCatalog 8.2.0.700</native><spdom><bounding><westbc Sync="TRUE">-96.647869</westbc><eastbc Sync="TRUE">-90.104658</eastbc><northbc Sync="TRUE">43.524208</northbc><southbc Sync="TRUE">40.345106</southbc></bounding><lboundng><leftbc Sync="TRUE">204914.030158</leftbc><rightbc Sync="TRUE">734125.556923</rightbc><bottombc Sync="TRUE">4471857.411983</bottombc><topbc Sync="TRUE">4819029.830943</topbc></lboundng></spdom><natvform Sync="TRUE">Shapefile</natvform></idinfo><dataqual><posacc><horizpa><horizpar>The positional accuracy of the original GNIS data is  5 seconds of latitude or longitude.  In Iowa, this translates to  100 to 150 meters.  All data points were examined and those that were   obviously mislocated were moved. A small number were found to be outside  of their incorporated boundary line and were moved inside.</horizpar></horizpa></posacc><lineage><srcinfo>"Geographic Names Information System: Data Users Guide 6",    US Geological Survey, 1987.  <srcscale>unknown</srcscale><typesrc>Electronic file</typesrc></srcinfo><procstep><procdesc>None</procdesc></procstep><procstep><procdesc Sync="TRUE">Metadata imported.</procdesc><srcused Sync="TRUE">P:\Metadata\ia_state\Populated_places.xml</srcused><date Sync="TRUE">20030711</date><time Sync="TRUE">11272200</time></procstep></lineage></dataqual><eainfo><overview><eaover>PLACES_: Internal label point identifier  

PLACES_ID: User defined label point identifier  

PLACE_NAME: Proper name of city or town, including punctuation. First letter only is capitalized. Saint and Mount are abbreviated St. and Mt. respectively, if normally used that way.  

NAME_CAPS: Name of city or town in all capitalized letters.  No punctuation or abbreviated words.  OTHER_NAME: Alternate name for town, from other maps or sources  

CO_NAME: County name   

CO_SEAT: If town is county seat, it is designated with 'Y' character  

QUAD_NAME: Name of USGS 1:24,000 topo quad map  

TYPE: Type of place and reference source          

1 Incorporated city or town--found on both USGS and IDOT maps          

2 Different place name within incorporated boundary--found only on USGS maps   

3 Unincorporated town or place name--found on both USGS and IDOT maps   

4 Unincorporated town or place name--found only on IDOT map   

5 Unincorporated town or place name--found only on USGS map   

10 GNIS place name NOT found on either USGS or IDOT map  

X_COORD: UTM x coordinate for label point   

Y_COORD: UTM y coordinate for label point

<eadetcit>None</eadetcit></eaover></overview><detailed Name="populated_places"><enttyp><enttypl Sync="TRUE">populated_places</enttypl><enttypt Sync="TRUE">Feature Class</enttypt><enttypc Sync="TRUE">2346</enttypc></enttyp><attr><attrlabl Sync="TRUE">FID</attrlabl><attalias Sync="TRUE">FID</attalias><attrtype Sync="TRUE">OID</attrtype><attwidth Sync="TRUE">4</attwidth><atprecis Sync="TRUE">0</atprecis><attscale Sync="TRUE">0</attscale><attrdef Sync="TRUE">Internal feature number.</attrdef><attrdefs Sync="TRUE">ESRI</attrdefs><attrdomv><udom Sync="TRUE">Sequential unique whole numbers that are automatically generated.</udom></attrdomv></attr><attr><attrlabl Sync="TRUE">Shape</attrlabl><attalias Sync="TRUE">Shape</attalias><attrtype Sync="TRUE">Geometry</attrtype><attwidth Sync="TRUE">0</attwidth><atprecis Sync="TRUE">0</atprecis><attscale Sync="TRUE">0</attscale><attrdef Sync="TRUE">Feature geometry.</attrdef><attrdefs Sync="TRUE">ESRI</attrdefs><attrdomv><udom Sync="TRUE">Coordinates defining the features.</udom></attrdomv></attr><attr><attrlabl Sync="TRUE">AREA</attrlabl><attalias Sync="TRUE">AREA</attalias><attrtype Sync="TRUE">Number</attrtype><attwidth Sync="TRUE">19</attwidth><atnumdec Sync="TRUE">6</atnumdec></attr><attr><attrlabl Sync="TRUE">PERIMETER</attrlabl><attalias Sync="TRUE">PERIMETER</attalias><attrtype Sync="TRUE">Number</attrtype><attwidth Sync="TRUE">19</attwidth><atnumdec Sync="TRUE">6</atnumdec></attr><attr><attrlabl Sync="TRUE">PLACES_</attrlabl><attalias Sync="TRUE">PLACES_</attalias><attrtype Sync="TRUE">Number</attrtype><attwidth Sync="TRUE">11</attwidth></attr><attr><attrlabl Sync="TRUE">PLACES_ID</attrlabl><attalias Sync="TRUE">PLACES_ID</attalias><attrtype Sync="TRUE">Number</attrtype><attwidth Sync="TRUE">11</attwidth></attr><attr><attrlabl Sync="TRUE">PLACE_NAME</attrlabl><attalias Sync="TRUE">PLACE_NAME</attalias><attrtype Sync="TRUE">String</attrtype><attwidth Sync="TRUE">30</attwidth></attr><attr><attrlabl Sync="TRUE">NAME_CAPS</attrlabl><attalias Sync="TRUE">NAME_CAPS</attalias><attrtype Sync="TRUE">String</attrtype><attwidth Sync="TRUE">30</attwidth></attr><attr><attrlabl Sync="TRUE">OTHER_NAME</attrlabl><attalias Sync="TRUE">OTHER_NAME</attalias><attrtype Sync="TRUE">String</attrtype><attwidth Sync="TRUE">22</attwidth></attr><attr><attrlabl Sync="TRUE">CO_NAME</attrlabl><attalias Sync="TRUE">CO_NAME</attalias><attrtype Sync="TRUE">String</attrtype><attwidth Sync="TRUE">14</attwidth></attr><attr><attrlabl Sync="TRUE">CO_SEAT</attrlabl><attalias Sync="TRUE">CO_SEAT</attalias><attrtype Sync="TRUE">String</attrtype><attwidth Sync="TRUE">1</attwidth></attr><attr><attrlabl Sync="TRUE">QUAD_NAME</attrlabl><attalias Sync="TRUE">QUAD_NAME</attalias><attrtype Sync="TRUE">String</attrtype><attwidth Sync="TRUE">34</attwidth></attr><attr><attrlabl Sync="TRUE">TYPE</attrlabl><attalias Sync="TRUE">TYPE</attalias><attrtype Sync="TRUE">Number</attrtype><attwidth Sync="TRUE">4</attwidth></attr><attr><attrlabl Sync="TRUE">X_COORD</attrlabl><attalias Sync="TRUE">X_COORD</attalias><attrtype Sync="TRUE">Number</attrtype><attwidth Sync="TRUE">19</attwidth><atnumdec Sync="TRUE">6</atnumdec></attr><attr><attrlabl Sync="TRUE">Y_COORD</attrlabl><attalias Sync="TRUE">Y_COORD</attalias><attrtype Sync="TRUE">Number</attrtype><attwidth Sync="TRUE">19</attwidth><atnumdec Sync="TRUE">6</atnumdec></attr><attr><attrlabl Sync="TRUE">CO_NUMBER</attrlabl><attalias Sync="TRUE">CO_NUMBER</attalias><attrtype Sync="TRUE">Number</attrtype><attwidth Sync="TRUE">2</attwidth></attr></detailed></eainfo><distinfo><distrib>Iowa Department of Natural Resources</distrib><resdesc>Populated_places</resdesc><distliab>This digital, geographically referenced data set was developed by the Iowa Department of Natural Resources to carry out agency responsibilities related to management, protection, and development of Iowa's natural resources.  It resides in the Natural Resources Geographic Information System library. Although efforts have been made to make it useful to the Department, the Department assumes no responsibility for errors in the information.  Similarly the Department assumes no responsibility for the consequences of inappropriate uses or interpretations of the data made by anyone to whom this data has been made available.  The Department bears no responsibility to inform users of any changes made to this data.  Anyone using this data is advised that precision implied by the coverage may far exceed actual precision.  Comments on this data are invited and the Department would appreciate that documented errors be brought to staff attention.  The development of the coverages in the NRGIS Library represents a major investment of staff time and effort.  As a professional responsibility, we expect that the Iowa DNR will receive proper credit when you utilize these GIS coverages and that the original documentation will remain with any redistribution of these coverages.</distliab><stdorder><digform><digtinfo>Shapefile<formverd>01/08/97</formverd><transize Sync="TRUE">0.653</transize><dssize Sync="TRUE">0.653</dssize></digtinfo><digtopt><onlinopt><computer><networka><networkr>ftp://ftp.igsb.uiowa.edu/gis_library/IA_state/Cultural_Demographic/Populated_places.zip</networkr></networka></computer></onlinopt></digtopt></digform></stdorder></distinfo><metainfo><metc><cntinfo><cntorgp><cntper>Casey Kohrt</cntper><cntorg>Iowa Department of Natural Resources - Geological Survey</cntorg></cntorgp><cntaddr><address>109 Trowbridge Hall</address><city>Iowa City</city><state>IA</state><postal>52242-1319</postal><addrtype>Mailing and Physical</addrtype></cntaddr><cntvoice>319-335-1353</cntvoice><cntemail>gis_library@igsb.uiowa.edu</cntemail></cntinfo></metc><metac>None</metac><metuc>None</metuc><langmeta Sync="TRUE">en</langmeta><metstdn Sync="TRUE">FGDC Content Standards for Digital Geospatial Metadata</metstdn><metstdv Sync="TRUE">FGDC-STD-001-1998</metstdv><mettc Sync="TRUE">local time</mettc><metd Sync="TRUE">20030711</metd><metextns><onlink Sync="TRUE">http://www.esri.com/metadata/esriprof80.html</onlink><metprof Sync="TRUE">ESRI Metadata Profile</metprof></metextns></metainfo><citeinfo><origin>James D. Giglierano</origin><pubdate>Complete</pubdate><title>Populated_places</title><geoform>Shapefile</geoform><pubinfo><pubplace>None</pubplace><publish>Iowa Department of Natural Resources</publish></pubinfo><othercit>"Geographic Names Information System: Data Users Guide 6",    US Geological Survey, 1987.  </othercit></citeinfo><timeinfo><sngdate><caldate>01/08/97</caldate></sngdate></timeinfo><cntinfo><cntperp><cntper>Casey Kohrt</cntper><cntorg>Iowa Department of Natural Resources - Geological Survey</cntorg></cntperp><cntaddr><addrtype>Mailing and Physical</addrtype><address>109 Trowbridge Hall</address><city>Iowa City</city><state>IA</state><postal>52242-1319</postal></cntaddr><cntvoice>319-335-1353</cntvoice><cntemail>gis_library@igsb.uiowa.edu</cntemail></cntinfo><dataIdInfo><envirDesc Sync="TRUE">Microsoft Windows 2000 Version 5.0 (Build 2195) Service Pack 3; ESRI ArcCatalog 8.2.0.700</envirDesc><dataLang><languageCode Sync="TRUE" value="en"></languageCode></dataLang><idCitation><resTitle Sync="TRUE">populated_places</resTitle><presForm><PresFormCd Sync="TRUE" value="005"></PresFormCd></presForm></idCitation><spatRpType><SpatRepTypCd Sync="TRUE" value="001"></SpatRepTypCd></spatRpType><geoBox esriExtentType="native"><westBL Sync="TRUE">204914.030158</westBL><eastBL Sync="TRUE">734125.556923</eastBL><northBL Sync="TRUE">4819029.830943</northBL><southBL Sync="TRUE">4471857.411983</southBL><exTypeCode Sync="TRUE">1</exTypeCode></geoBox><geoBox esriExtentType="decdegrees"><westBL Sync="TRUE">-96.647869</westBL><eastBL Sync="TRUE">-90.104658</eastBL><northBL Sync="TRUE">43.524208</northBL><southBL Sync="TRUE">40.345106</southBL><exTypeCode Sync="TRUE">1</exTypeCode></geoBox></dataIdInfo><mdLang><languageCode Sync="TRUE" value="en"></languageCode></mdLang><mdStanName Sync="TRUE">ISO 19115 Geographic Information - Metadata</mdStanName><mdStanVer Sync="TRUE">DIS_ESRI1.0</mdStanVer><mdChar><CharSetCd Sync="TRUE" value="004"></CharSetCd></mdChar><mdHrLv><ScopeCd Sync="TRUE" value="005"></ScopeCd></mdHrLv><mdHrLvName Sync="TRUE">dataset</mdHrLvName><distInfo><distributor><distorTran><onLineSrc><orDesc Sync="TRUE">002</orDesc><linkage Sync="TRUE">file://\\Idnrgsb9\NEW_LIB\Data_NAD83\IA_State\Cultural_Demographic\populated_places.shp</linkage><protocol Sync="TRUE">Local Area Network</protocol></onLineSrc><transSize Sync="TRUE">0.653</transSize></distorTran><distorFormat><formatName Sync="TRUE">Shapefile</formatName></distorFormat></distributor></distInfo><spdoinfo><direct Sync="TRUE">Vector</direct><ptvctinf><esriterm Name="populated_places"><efeatyp Sync="TRUE">Simple</efeatyp><efeageom Sync="TRUE">Point</efeageom><esritopo Sync="TRUE">FALSE</esritopo><efeacnt Sync="TRUE">2346</efeacnt><spindex Sync="TRUE">TRUE</spindex><linrefer Sync="TRUE">FALSE</linrefer></esriterm><sdtsterm Name="populated_places"><sdtstype Sync="TRUE">Entity point</sdtstype><ptvctcnt Sync="TRUE">2346</ptvctcnt></sdtsterm></ptvctinf></spdoinfo><spref><horizsys><cordsysn><geogcsn Sync="TRUE">GCS_North_American_1983</geogcsn><projcsn Sync="TRUE">NAD_1983_UTM_Zone_15N</projcsn></cordsysn><planar><planci><plance Sync="TRUE">coordinate pair</plance><plandu Sync="TRUE">meters</plandu><coordrep><absres Sync="TRUE">0.001024</absres><ordres Sync="TRUE">0.001024</ordres></coordrep></planci><gridsys><gridsysn Sync="TRUE">Universal Transverse Mercator</gridsysn><utm><utmzone Sync="TRUE">15</utmzone><transmer><sfctrmer Sync="TRUE">0.999600</sfctrmer><longcm Sync="TRUE">-93.000000</longcm><latprjo Sync="TRUE">0.000000</latprjo><feast Sync="TRUE">500000.000000</feast><fnorth Sync="TRUE">0.000000</fnorth></transmer></utm></gridsys></planar><geodetic><horizdn Sync="TRUE">North American Datum of 1983</horizdn><ellips Sync="TRUE">Geodetic Reference System 80</ellips><semiaxis Sync="TRUE">6378137.000000</semiaxis><denflat Sync="TRUE">298.257222</denflat></geodetic></horizsys></spref><refSysInfo><RefSystem><refSysID><identCode Sync="TRUE">NAD_1983_UTM_Zone_15N</identCode></refSysID></RefSystem></refSysInfo><spatRepInfo><VectSpatRep><topLvl><TopoLevCd Sync="TRUE" value="001"></TopoLevCd></topLvl><geometObjs Name="populated_places"><geoObjTyp><GeoObjTypCd Sync="TRUE" value="004"></GeoObjTypCd></geoObjTyp><geoObjCnt Sync="TRUE">2346</geoObjCnt></geometObjs></VectSpatRep></spatRepInfo><mdDateSt Sync="TRUE">20030711</mdDateSt></metadata>
